Year,Region,Sales_USD,Profit_USD
2018,Europe,76217808.31931537,18490984.947788816
2019,Europe,54065852.85177396,12431168.09135505
2020,Europe,108270984.85602953,14275623.181091513
2021,Europe,80236151.3049481,11528680.934095817
2022,Europe,81924898.89519252,17841309.077327985
2023,Europe,92528139.63310069,11619555.952412546
