brand,age_18_24,age_25_34,age_35_44,age_45_plus,income_low,income_mid,income_high,gender_male,gender_female,region
BrandA,0.3473773873201034,0.3544489538593315,0.12980735223012588,0.16836630659043916,0.20110442342472049,0.46309228569096683,0.3358032908843127,0.5413714687695235,0.45862853123047653,South
BrandB,0.30803510810624113,0.3211919949562023,0.23894513177700236,0.13182776516055417,0.33021540510038894,0.48299193510875615,0.1867926597908549,0.5700077155579598,0.4299922844420402,West
BrandC,0.21617960497052982,0.21271167005720473,0.14664734825734935,0.4244613767149161,0.2650366644053494,0.4459212356676128,0.2890420999270378,0.5275114942710426,0.4724885057289574,South
BrandD,0.2622486851695402,0.27658537495075797,0.24575681430836557,0.2154091255713363,0.3697827648532168,0.44434590423297465,0.18587133091380847,0.4471969839497912,0.5528030160502089,Midwest
BrandE,0.24875911927287814,0.30454656587639883,0.16413115275378246,0.28256316209694055,0.20508382534881905,0.3215782853986609,0.47333788925252007,0.4062858371373469,0.5937141628626531,South
BrandF,0.24507404463642235,0.31265511439527677,0.20432741296391912,0.23794342800438184,0.22786629088117516,0.42088347585556346,0.35125023326326144,0.5079682182603347,0.49203178173966533,Northeast
