year,quarter,rev_million,rev_million_noisy,ebitda_million_est
2025,Q1,1975.0,2024.0505226098592,321.8240330949676
2025,Q2,1975.0,1961.3464002593455,311.85407764123596
2025,Q3,1975.0,2038.9592431374433,324.1945196588535
2025,Q4,1975.0,2125.3991983202923,337.9384725329265
